material_number,plant,valuation_type,valuation_area,standard_price,moving_average_price
M00001,PL01,STD,PL01,2929.98,2242.2
M00002,PL01,STD,PL01,455.97,3595.83
M00003,PL01,STD,PL01,4462.72,271.53
M00004,PL01,STD,PL01,4899.01,2645.37
M00005,PL01,STD,PL01,4874.05,3308.28
M00006,PL01,STD,PL01,819.77,649.67
M00007,PL01,STD,PL01,16.4,2671.21
M00008,PL01,STD,PL01,4481.25,3938.85
M00009,PL01,STD,PL01,159.19,3974.08
M00010,PL01,STD,PL01,3496.94,4051.34
M00011,PL01,STD,PL01,1354.11,3326.2
M00012,PL01,STD,PL01,2125.39,1506.11
M00013,PL01,STD,PL01,455.27,994.35
M00014,PL01,STD,PL01,4492.36,3898.54
M00015,PL01,STD,PL01,3749.21,2068.86
M00016,PL01,STD,PL01,1101.12,952.24
M00017,PL01,STD,PL01,1615.12,1291.67
M00018,PL01,STD,PL01,2478.17,2181.7
M00019,PL01,STD,PL01,586.94,316.07
M00020,PL01,STD,PL01,3602.7,3785.31
M00021,PL01,STD,PL01,4263.3,1538.45
M00022,PL01,STD,PL01,3836.39,4141.55
M00023,PL01,STD,PL01,1645.53,2499.02
M00024,PL01,STD,PL01,964.36,714.92
M00025,PL01,STD,PL01,2703.59,1063.53
M00026,PL01,STD,PL01,735.11,10.72
M00027,PL01,STD,PL01,4539.89,2366.63
M00028,PL01,STD,PL01,258.04,1197.93
M00029,PL01,STD,PL01,3256.42,1130.46
M00030,PL01,STD,PL01,4326.68,2261.01
M00031,PL01,STD,PL01,1050.52,2113.46
M00032,PL01,STD,PL01,2788.83,951.28
M00033,PL01,STD,PL01,4241.23,1896.38
M00034,PL01,STD,PL01,1757.29,4688.41
M00035,PL01,STD,PL01,4883.39,4983.46
M00036,PL01,STD,PL01,1073.68,1130.91
M00037,PL01,STD,PL01,1182.31,2957.32
M00038,PL01,STD,PL01,3071.58,2966.05
M00039,PL01,STD,PL01,1691.81,2379.41
M00040,PL01,STD,PL01,3498.15,838.82
M00041,PL01,STD,PL01,307.61,1534.1
M00042,PL01,STD,PL01,4061.89,2551.99
M00043,PL01,STD,PL01,3978.15,4836.82
M00044,PL01,STD,PL01,345.78,4698.72
M00045,PL01,STD,PL01,794.57,3126.88
M00046,PL01,STD,PL01,4471.84,177.02
M00047,PL01,STD,PL01,2813.52,472.6
M00048,PL01,STD,PL01,129.78,4828.95
M00049,PL01,STD,PL01,4851.23,3438.89
M00050,PL01,STD,PL01,3049.09,3713.29
M00051,PL01,STD,PL01,1997.93,1542.58
M00052,PL01,STD,PL01,3350.53,4338.21
M00053,PL01,STD,PL01,412.97,1774.34
M00054,PL01,STD,PL01,165.77,550.42
M00055,PL01,STD,PL01,2799.48,1772.65
M00056,PL01,STD,PL01,4273.58,3664.31
M00057,PL01,STD,PL01,1300.82,1879.17
M00058,PL01,STD,PL01,3234.19,4386.2
M00059,PL01,STD,PL01,1331.77,644.52
M00060,PL01,STD,PL01,3072.4,2727.65
M00061,PL01,STD,PL01,4887.65,2180.22
M00062,PL01,STD,PL01,2693.88,1413.3
M00063,PL01,STD,PL01,2996.68,255.8
M00064,PL01,STD,PL01,3064.03,1718.85
M00065,PL01,STD,PL01,2988.86,2810.03
M00066,PL01,STD,PL01,3309.68,3365.17
M00067,PL01,STD,PL01,2377.84,868
M00068,PL01,STD,PL01,1536.35,4369.21
M00069,PL01,STD,PL01,1134.15,5064.51
M00070,PL01,STD,PL01,2127.55,2164.83
M00071,PL01,STD,PL01,2549.96,3603.2
M00072,PL01,STD,PL01,329.24,4388.91
M00073,PL01,STD,PL01,4322.59,1777.87
M00074,PL01,STD,PL01,4595.61,3234.79
M00075,PL01,STD,PL01,1220.3,474.99
M00076,PL01,STD,PL01,4562.84,711.02
M00077,PL01,STD,PL01,1078.39,2391.61
M00078,PL01,STD,PL01,3557.27,4739.77
M00079,PL01,STD,PL01,4511.16,551.56
M00080,PL01,STD,PL01,1499.79,4127.17
M00081,PL01,STD,PL01,1040.46,4437.67
M00082,PL01,STD,PL01,1136.86,1270.05
M00083,PL01,STD,PL01,3640.79,954.94
M00084,PL01,STD,PL01,3644.14,2516.68
M00085,PL01,STD,PL01,1565.52,1623.28
M00086,PL01,STD,PL01,3631.25,540.44
M00087,PL01,STD,PL01,402.37,3100.53
M00088,PL01,STD,PL01,3222.79,3603.22
M00089,PL01,STD,PL01,192.56,3651.13
M00090,PL01,STD,PL01,846.93,3458.3
M00091,PL01,STD,PL01,4399.9,35.05
M00092,PL01,STD,PL01,565.32,4938.37
M00093,PL01,STD,PL01,562.92,3667.43
M00094,PL01,STD,PL01,1634.48,2279.63
M00095,PL01,STD,PL01,1314.51,1768.27
M00096,PL01,STD,PL01,1167.4,2176.5
M00097,PL01,STD,PL01,1924.32,4520.56
M00098,PL01,STD,PL01,119.98,1163.49
M00099,PL01,STD,PL01,4665.97,2011.84
M00100,PL01,STD,PL01,2440.6,3622.57
M00101,PL01,STD,PL01,2696.26,580.98
M00102,PL01,STD,PL01,4861.43,3167.67
M00103,PL01,STD,PL01,2205.71,4291.25
M00104,PL01,STD,PL01,1318.7,207.3
M00105,PL01,STD,PL01,4429.35,1588.6
M00106,PL01,STD,PL01,3404.14,2040.83
M00107,PL01,STD,PL01,3338.27,1919.66
M00108,PL01,STD,PL01,3392.25,3857.08
M00109,PL01,STD,PL01,4227.45,1762.19
M00110,PL01,STD,PL01,4531.57,2933.37
M00111,PL01,STD,PL01,4690,4855.04
M00112,PL01,STD,PL01,4958.37,3620.36
M00113,PL01,STD,PL01,769,2861.55
M00114,PL01,STD,PL01,2985.9,3065.65
M00115,PL01,STD,PL01,4333,2436.69
M00116,PL01,STD,PL01,4732.29,3378.3
M00117,PL01,STD,PL01,4282.96,4764.62
M00118,PL01,STD,PL01,4057.56,3850.42
M00119,PL01,STD,PL01,4723.83,2302.89
M00120,PL01,STD,PL01,2794.53,2532.58
M00121,PL01,STD,PL01,4903.79,4728.88
M00122,PL01,STD,PL01,3221.57,2612.26
M00123,PL01,STD,PL01,979.26,1465.79
M00124,PL01,STD,PL01,4416.04,2349.33
M00125,PL01,STD,PL01,4685.69,451.99
M00126,PL01,STD,PL01,3522.29,2271.19
M00127,PL01,STD,PL01,3643.56,622.46
M00128,PL01,STD,PL01,3554.58,2908.76
M00129,PL01,STD,PL01,867.18,2383.47
M00130,PL01,STD,PL01,4560.37,88.89
M00131,PL01,STD,PL01,109.46,1620.96
M00132,PL01,STD,PL01,1099.25,2998.87
M00133,PL01,STD,PL01,173.23,296.5
M00134,PL01,STD,PL01,840.6,1435.27
M00135,PL01,STD,PL01,1319.49,28
M00136,PL01,STD,PL01,1677.83,362.54
M00137,PL01,STD,PL01,1416.39,2276.74
M00138,PL01,STD,PL01,1149.85,4053.2
M00139,PL01,STD,PL01,1504.89,3556.47
M00140,PL01,STD,PL01,4428.75,2427.31
M00141,PL01,STD,PL01,1928.28,3594.79
M00142,PL01,STD,PL01,1514.2,1596.53
M00143,PL01,STD,PL01,1235.05,280.51
M00144,PL01,STD,PL01,724.11,2443.38
M00145,PL01,STD,PL01,912.6,4180.99
M00146,PL01,STD,PL01,3838.39,1323.57
M00147,PL01,STD,PL01,2805.92,4081.7
M00148,PL01,STD,PL01,2600.46,1570.36
M00149,PL01,STD,PL01,203.87,5008.99
M00150,PL01,STD,PL01,4158.09,4160.07
M00151,PL01,STD,PL01,2648.43,1026.25
M00152,PL01,STD,PL01,1128.35,3029.41
M00153,PL01,STD,PL01,3514.12,4483.59
M00154,PL01,STD,PL01,2509.5,4594.24
M00155,PL01,STD,PL01,18.1,1892.96
M00156,PL01,STD,PL01,345.81,3856.11
M00157,PL01,STD,PL01,469.57,2804.07
M00158,PL01,STD,PL01,1869.36,3185.38
M00159,PL01,STD,PL01,3080.42,1812.63
M00160,PL01,STD,PL01,2968.64,2852.58
M00161,PL01,STD,PL01,3773.11,2150.71
M00162,PL01,STD,PL01,2160.18,3571.22
M00163,PL01,STD,PL01,1505.19,1010.95
M00164,PL01,STD,PL01,1371.88,2194.48
M00165,PL01,STD,PL01,3985.9,4453.65
M00166,PL01,STD,PL01,771.24,2344.54
M00167,PL01,STD,PL01,2362.28,325.04
M00168,PL01,STD,PL01,2445.97,2334.69
M00169,PL01,STD,PL01,2311,4201.98
M00170,PL01,STD,PL01,692.06,4628.85
M00171,PL01,STD,PL01,3873.68,2573.53
M00172,PL01,STD,PL01,3113.48,200.3
M00173,PL01,STD,PL01,960.47,2331.64
M00174,PL01,STD,PL01,608.62,2146.53
M00175,PL01,STD,PL01,1982.97,3209.91
M00176,PL01,STD,PL01,807.6,1347.05
M00177,PL01,STD,PL01,202.39,2437.11
M00178,PL01,STD,PL01,4998.65,1490.64
M00179,PL01,STD,PL01,1712.21,686.51
M00180,PL01,STD,PL01,1841.28,527.03
M00181,PL01,STD,PL01,2255.62,3421.58
M00182,PL01,STD,PL01,598.55,4438.36
M00183,PL01,STD,PL01,3687.93,3803.97
M00184,PL01,STD,PL01,949.63,1813.69
M00185,PL01,STD,PL01,4094.4,1678.11
M00186,PL01,STD,PL01,1764.52,2526.88
M00187,PL01,STD,PL01,1571.33,4381.38
M00188,PL01,STD,PL01,3167.1,4424.51
M00189,PL01,STD,PL01,856.23,1932.33
M00190,PL01,STD,PL01,2557.72,4345.33
M00191,PL01,STD,PL01,3977.39,32.75
M00192,PL01,STD,PL01,3186.32,3876.02
M00193,PL01,STD,PL01,4277.57,1197.17
M00194,PL01,STD,PL01,4055.8,4684.99
M00195,PL01,STD,PL01,4092.27,4230.02
M00196,PL01,STD,PL01,2436.08,2597.06
M00197,PL01,STD,PL01,3852.44,865.4
M00198,PL01,STD,PL01,2126.53,3469.73
M00199,PL01,STD,PL01,2836.14,2104.35
M00200,PL01,STD,PL01,4335.14,1558.93
M00201,PL01,STD,PL01,1074.73,3689.19
M00202,PL01,STD,PL01,2838.65,4365.86
M00203,PL01,STD,PL01,65.96,858.06
M00204,PL01,STD,PL01,2992.83,1344.35
M00205,PL01,STD,PL01,678.09,88.96
M00206,PL01,STD,PL01,3473.65,1713.29
M00207,PL01,STD,PL01,1261.28,1521.13
M00208,PL01,STD,PL01,3120.07,4998.56
M00209,PL01,STD,PL01,4786.34,3729.11
M00210,PL01,STD,PL01,4073.28,200.92
M00211,PL01,STD,PL01,1963.1,1623.82
M00212,PL01,STD,PL01,1309.93,2863.83
M00213,PL01,STD,PL01,283.21,119.16
M00214,PL01,STD,PL01,999.09,615.96
M00215,PL01,STD,PL01,1629.68,1440.52
M00216,PL01,STD,PL01,4372.63,2190.89
M00217,PL01,STD,PL01,4859.05,568.55
M00218,PL01,STD,PL01,3122.96,1258.34
M00219,PL01,STD,PL01,3887.44,1195.67
M00220,PL01,STD,PL01,4272.67,4358.18
M00221,PL01,STD,PL01,4810.38,3552.36
M00222,PL01,STD,PL01,1178.57,34.39
M00223,PL01,STD,PL01,4084.44,4998.33
M00224,PL01,STD,PL01,1588.28,3541.66
M00225,PL01,STD,PL01,3905.64,1959.19
M00226,PL01,STD,PL01,3843.33,4378.1
M00227,PL01,STD,PL01,235.63,1936.75
M00228,PL01,STD,PL01,4184.32,3558.49
M00229,PL01,STD,PL01,3358.03,874.17
M00230,PL01,STD,PL01,2128.98,1366.23
M00231,PL01,STD,PL01,712.58,4391.48
M00232,PL01,STD,PL01,3698.59,799.11
M00233,PL01,STD,PL01,4753.07,4647.55
M00234,PL01,STD,PL01,1738.17,1384.35
M00235,PL01,STD,PL01,594.01,4368.78
M00236,PL01,STD,PL01,1641,4198.25
M00237,PL01,STD,PL01,4931.03,846.13
M00238,PL01,STD,PL01,1934.06,5035.61
M00239,PL01,STD,PL01,2316.8,3018.78
M00240,PL01,STD,PL01,4549.44,122.83
M00241,PL01,STD,PL01,3811.82,392.38
M00242,PL01,STD,PL01,487.89,4834.7
M00243,PL01,STD,PL01,2563.07,5024.16
M00244,PL01,STD,PL01,116,2621.28
M00245,PL01,STD,PL01,1418.8,2550.72
M00246,PL01,STD,PL01,3932.64,985.5
M00247,PL01,STD,PL01,4436.51,1193.41
M00248,PL01,STD,PL01,899.56,4038.29
M00249,PL01,STD,PL01,3222.67,4070.96
M00250,PL01,STD,PL01,3641.91,5099.86
M00251,PL01,STD,PL01,2119.98,1145.92
M00252,PL01,STD,PL01,1748.45,1738.29
M00253,PL01,STD,PL01,2127.26,3862.42
M00254,PL01,STD,PL01,4250.35,3895.08
M00255,PL01,STD,PL01,4149.11,1747.85
M00256,PL01,STD,PL01,3292.14,854.5
M00257,PL01,STD,PL01,4276.26,1068.56
M00258,PL01,STD,PL01,4737.41,4638.77
M00259,PL01,STD,PL01,3145.59,1884.84
M00260,PL01,STD,PL01,3434.64,4089.86
M00261,PL01,STD,PL01,4338.68,1432.38
M00262,PL01,STD,PL01,541.66,1848.76
M00263,PL01,STD,PL01,656.11,1318.65
M00264,PL01,STD,PL01,3286.7,4522.09
M00265,PL01,STD,PL01,2923.48,3482.45
M00266,PL01,STD,PL01,1855.14,2612.42
M00267,PL01,STD,PL01,2625.33,531.66
M00268,PL01,STD,PL01,3315.47,3868.81
M00269,PL01,STD,PL01,1486.44,3969.85
M00270,PL01,STD,PL01,843.66,4825.14
M00271,PL01,STD,PL01,1814.77,197.62
M00272,PL01,STD,PL01,4749.46,930.38
M00273,PL01,STD,PL01,4936.59,3538.99
M00274,PL01,STD,PL01,207.89,396.93
M00275,PL01,STD,PL01,2624.6,3226.47
M00276,PL01,STD,PL01,922.35,685.09
M00277,PL01,STD,PL01,700.72,1306.38
M00278,PL01,STD,PL01,3343.72,2754.83
M00279,PL01,STD,PL01,1074.52,1285.18
M00280,PL01,STD,PL01,2152.48,1230.83
M00281,PL01,STD,PL01,1546.03,2388.55
M00282,PL01,STD,PL01,3294.79,2664.17
M00283,PL01,STD,PL01,2464.82,1087.53
M00284,PL01,STD,PL01,2162.2,4434.49
M00285,PL01,STD,PL01,4728.71,2157.2
M00286,PL01,STD,PL01,1183.88,1887.49
M00287,PL01,STD,PL01,4367.64,3074.38
M00288,PL01,STD,PL01,2153.92,2446.15
M00289,PL01,STD,PL01,4370.4,2645.81
M00290,PL01,STD,PL01,4083.96,1518.16
M00291,PL01,STD,PL01,408.82,105.19
M00292,PL01,STD,PL01,2495.47,3958.24
M00293,PL01,STD,PL01,175.69,1125.35
M00294,PL01,STD,PL01,2963.31,4125.95
M00295,PL01,STD,PL01,2534.99,208.98
M00296,PL01,STD,PL01,1986.95,3952.83
M00297,PL01,STD,PL01,1079.01,1943.93
M00298,PL01,STD,PL01,810.28,3100.64
M00299,PL01,STD,PL01,3109.67,534.82
M00300,PL01,STD,PL01,1083.17,1954.98
M00301,PL01,STD,PL01,2846.01,1791.12
M00302,PL01,STD,PL01,2003.36,1113.21
M00303,PL01,STD,PL01,2472.33,2326.84
M00304,PL01,STD,PL01,3273.42,1520.54
M00305,PL01,STD,PL01,4978.45,2672.57
M00306,PL01,STD,PL01,1366.28,1772.92
M00307,PL01,STD,PL01,3389.25,983.15
M00308,PL01,STD,PL01,869.18,3074.11
M00309,PL01,STD,PL01,2285,4301.76
M00310,PL01,STD,PL01,1618.73,2456.43
M00311,PL01,STD,PL01,3582.2,755.3
M00312,PL01,STD,PL01,3506.24,4759.77
M00313,PL01,STD,PL01,4927.85,949.65
M00314,PL01,STD,PL01,3493.21,469.27
M00315,PL01,STD,PL01,1511.29,4985.4
M00316,PL01,STD,PL01,4025.07,424.7
M00317,PL01,STD,PL01,2334.09,3013
M00318,PL01,STD,PL01,788.74,4993.05
M00319,PL01,STD,PL01,818.9,1196.98
M00320,PL01,STD,PL01,3201.16,2317.42
M00321,PL01,STD,PL01,1437.89,2647.25
M00322,PL01,STD,PL01,2715.23,2171.31
M00323,PL01,STD,PL01,2307.55,752.33
M00324,PL01,STD,PL01,1885.79,4138.08
M00325,PL01,STD,PL01,277.02,3105.48
M00326,PL01,STD,PL01,2385.81,3055.59
M00327,PL01,STD,PL01,3156.82,227.44
M00328,PL01,STD,PL01,2711.6,4362.88
M00329,PL01,STD,PL01,3428.6,1200.59
M00330,PL01,STD,PL01,1586.35,3575.83
M00331,PL01,STD,PL01,2371.81,3675.66
M00332,PL01,STD,PL01,3080.7,2072.59
M00333,PL01,STD,PL01,3581.66,418.66
M00334,PL01,STD,PL01,4401.19,4873.95
M00335,PL01,STD,PL01,3397.49,4021.64
M00336,PL01,STD,PL01,4422.48,1929.29
M00337,PL01,STD,PL01,806.14,4957.18
M00338,PL01,STD,PL01,3502.04,1921.45
M00339,PL01,STD,PL01,1734.44,327.95
M00340,PL01,STD,PL01,4871.13,1012.95
M00341,PL01,STD,PL01,24.52,2772.56
M00342,PL01,STD,PL01,2008.07,3937.4
M00343,PL01,STD,PL01,2992.19,1655.67
M00344,PL01,STD,PL01,78.26,2917.73
M00345,PL01,STD,PL01,2291.16,3306
M00346,PL01,STD,PL01,1481.21,1129.87
M00347,PL01,STD,PL01,2047.56,2231.15
M00348,PL01,STD,PL01,3461.36,1738.46
M00349,PL01,STD,PL01,3354.53,4979.85
M00350,PL01,STD,PL01,3497.1,4295.07
M00351,PL01,STD,PL01,676.79,4488.59
M00352,PL01,STD,PL01,4123.2,3021.15
M00353,PL01,STD,PL01,4194.81,2325.75
M00354,PL01,STD,PL01,3872.27,3392.15
M00355,PL01,STD,PL01,11.77,4159.11
M00356,PL01,STD,PL01,2845.81,589.86
M00357,PL01,STD,PL01,936.33,3065.56
M00358,PL01,STD,PL01,1438.37,4994.25
M00359,PL01,STD,PL01,3005.36,1504.86
M00360,PL01,STD,PL01,4607.62,989.15
M00361,PL01,STD,PL01,1446.35,4818.57
M00362,PL01,STD,PL01,590.54,1899.86
M00363,PL01,STD,PL01,202.83,926.67
M00364,PL01,STD,PL01,175.54,908.83
M00365,PL01,STD,PL01,4885.59,499.47
M00366,PL01,STD,PL01,1704.76,3906.81
M00367,PL01,STD,PL01,2347.67,4367.39
M00368,PL01,STD,PL01,4008.94,3624.98
M00369,PL01,STD,PL01,4911.06,4586.63
M00370,PL01,STD,PL01,1843.12,1118.8
M00371,PL01,STD,PL01,2787.17,3110.81
M00372,PL01,STD,PL01,2488.39,615.46
M00373,PL01,STD,PL01,1702.83,3320.67
M00374,PL01,STD,PL01,2914.8,1825.82
M00375,PL01,STD,PL01,3890.31,2530.75
M00376,PL01,STD,PL01,1342.08,4953.31
M00377,PL01,STD,PL01,1626.82,924.24
M00378,PL01,STD,PL01,4641.77,4435.25
M00379,PL01,STD,PL01,4413.33,1878.71
M00380,PL01,STD,PL01,4958.3,699.38
M00381,PL01,STD,PL01,213.86,601.34
M00382,PL01,STD,PL01,697.26,1754.3
M00383,PL01,STD,PL01,2469.09,214
M00384,PL01,STD,PL01,1432.07,259.56
M00385,PL01,STD,PL01,4398.46,3595.45
M00386,PL01,STD,PL01,4757.64,1228.12
M00387,PL01,STD,PL01,211.38,4773.46
M00388,PL01,STD,PL01,4086.28,3385.22
M00389,PL01,STD,PL01,18.89,1078.89
M00390,PL01,STD,PL01,1848.65,1764.02
M00391,PL01,STD,PL01,1334.94,2776.34
M00392,PL01,STD,PL01,4412.8,3855.24
M00393,PL01,STD,PL01,1741.8,4260.75
M00394,PL01,STD,PL01,3102.56,1602.95
M00395,PL01,STD,PL01,1855.31,5078.91
M00396,PL01,STD,PL01,3919.08,3864.88
M00397,PL01,STD,PL01,3677.31,3889.48
M00398,PL01,STD,PL01,1792.12,2833.33
M00399,PL01,STD,PL01,1661.22,3637.6
M00400,PL01,STD,PL01,600.35,2766.96
M00401,PL01,STD,PL01,2696.56,3535.77
M00402,PL01,STD,PL01,4308,78.27
M00403,PL01,STD,PL01,1845.54,4457.71
M00404,PL01,STD,PL01,2038.58,3481.77
M00405,PL01,STD,PL01,1513.18,1649.46
M00406,PL01,STD,PL01,4827.79,3946.31
M00407,PL01,STD,PL01,2272.74,1506.62
M00408,PL01,STD,PL01,4451.93,3728.34
M00409,PL01,STD,PL01,4904.74,2683.96
M00410,PL01,STD,PL01,3439.66,1159.81
M00411,PL01,STD,PL01,4686.17,2574.39
M00412,PL01,STD,PL01,745.6,3244.73
M00413,PL01,STD,PL01,3646.8,793.53
M00414,PL01,STD,PL01,932.2,1815.04
M00415,PL01,STD,PL01,3298.33,4481.94
M00416,PL01,STD,PL01,2073.17,428.75
M00417,PL01,STD,PL01,3175.98,4695.99
M00418,PL01,STD,PL01,2639.37,698.75
M00419,PL01,STD,PL01,570.81,4102.82
M00420,PL01,STD,PL01,532.73,4831.87
M00421,PL01,STD,PL01,2572.57,2891.62
M00422,PL01,STD,PL01,2027.26,4624.59
M00423,PL01,STD,PL01,3040.4,1117.45
M00424,PL01,STD,PL01,4478.45,2320.28
M00425,PL01,STD,PL01,3403.57,4036.99
M00426,PL01,STD,PL01,657.73,4515.31
M00427,PL01,STD,PL01,623.62,625.19
M00428,PL01,STD,PL01,287.92,4910.12
M00429,PL01,STD,PL01,1750.28,2999.96
M00430,PL01,STD,PL01,2450.74,4373.24
M00431,PL01,STD,PL01,1978.03,1451.54
M00432,PL01,STD,PL01,1865.02,4458.96
M00433,PL01,STD,PL01,4197.36,1367.47
M00434,PL01,STD,PL01,1424.34,441.64
M00435,PL01,STD,PL01,1440.03,4425.84
M00436,PL01,STD,PL01,3712.01,3308.35
M00437,PL01,STD,PL01,2419.55,1095.98
M00438,PL01,STD,PL01,1249.17,4806.62
M00439,PL01,STD,PL01,1512.45,1107.83
M00440,PL01,STD,PL01,2848.81,4887.1
M00441,PL01,STD,PL01,3735.58,2082.41
M00442,PL01,STD,PL01,2688.92,3558.09
M00443,PL01,STD,PL01,2768.58,2856.94
M00444,PL01,STD,PL01,2491.08,4619.91
M00445,PL01,STD,PL01,1404.97,3295.75
M00446,PL01,STD,PL01,970.67,3663.07
M00447,PL01,STD,PL01,3994.42,3433.42
M00448,PL01,STD,PL01,3565.03,3698.06
M00449,PL01,STD,PL01,874.92,2058.39
M00450,PL01,STD,PL01,4533.67,896.18
M00451,PL01,STD,PL01,4292.05,3748.52
M00452,PL01,STD,PL01,4819.13,1381.07
M00453,PL01,STD,PL01,2291.86,4483.31
M00454,PL01,STD,PL01,2523.95,1404.51
M00455,PL01,STD,PL01,4673.16,1648.58
M00456,PL01,STD,PL01,3746,342.02
M00457,PL01,STD,PL01,20.95,2082.18
M00458,PL01,STD,PL01,972.86,2232.97
M00459,PL01,STD,PL01,1810.49,1574.53
M00460,PL01,STD,PL01,4759.81,2803.36
M00461,PL01,STD,PL01,1854.8,2743.46
M00462,PL01,STD,PL01,4907.86,1612.95
M00463,PL01,STD,PL01,2884.22,4697.69
M00464,PL01,STD,PL01,3325.55,2758.02
M00465,PL01,STD,PL01,1617.06,148.84
M00466,PL01,STD,PL01,1249.54,2387.68
M00467,PL01,STD,PL01,1494.95,1786.18
M00468,PL01,STD,PL01,3161.21,1979.3
M00469,PL01,STD,PL01,4902.7,2087.38
M00470,PL01,STD,PL01,4679.93,2477.68
M00471,PL01,STD,PL01,3872.66,4024.71
M00472,PL01,STD,PL01,128.98,4389.41
M00473,PL01,STD,PL01,1588.7,4808.67
M00474,PL01,STD,PL01,855.81,3887.03
M00475,PL01,STD,PL01,3540.88,5053.59
M00476,PL01,STD,PL01,4903.75,5028.55
M00477,PL01,STD,PL01,3171.58,3285.27
M00478,PL01,STD,PL01,1438.23,1447.41
M00479,PL01,STD,PL01,4500.33,2551.79
M00480,PL01,STD,PL01,4751.05,4912.42
M00481,PL01,STD,PL01,3824.73,3192.04
M00482,PL01,STD,PL01,3280.38,3182.09
M00483,PL01,STD,PL01,2148.24,3319.86
M00484,PL01,STD,PL01,567.12,1525.99
M00485,PL01,STD,PL01,3404.44,909.18
M00486,PL01,STD,PL01,3493.23,407.73
M00487,PL01,STD,PL01,495.4,2619.06
M00488,PL01,STD,PL01,3195.69,4628.47
M00489,PL01,STD,PL01,3826.3,2942.33
M00490,PL01,STD,PL01,1417.32,3171.12
M00491,PL01,STD,PL01,2131.33,1845.19
M00492,PL01,STD,PL01,4700.88,2936.45
M00493,PL01,STD,PL01,537.9,402.36
M00494,PL01,STD,PL01,1315.73,4856.04
M00495,PL01,STD,PL01,3127.89,2112.5
M00496,PL01,STD,PL01,4379.55,471.36
M00497,PL01,STD,PL01,649.87,695.33
M00498,PL01,STD,PL01,2456.74,3311.19
M00499,PL01,STD,PL01,1066.28,3113.69
M00500,PL01,STD,PL01,2301.83,3132.11
M00501,PL01,STD,PL01,104.7,4897.92
M00502,PL01,STD,PL01,4891.4,3718.38
M00503,PL01,STD,PL01,4259.14,5018.52
M00504,PL01,STD,PL01,4001.4,2204.92
M00505,PL01,STD,PL01,1923.82,2582.47
M00506,PL01,STD,PL01,4180.66,3747.15
M00507,PL01,STD,PL01,3765.2,3095.34
M00508,PL01,STD,PL01,935.01,5070.83
M00509,PL01,STD,PL01,2476.14,890.86
M00510,PL01,STD,PL01,977.11,2428.51
M00511,PL01,STD,PL01,295.5,110.85
M00512,PL01,STD,PL01,1186.91,2267.37
M00513,PL01,STD,PL01,307.2,608.48
M00514,PL01,STD,PL01,1079.04,2999.98
M00515,PL01,STD,PL01,4014.78,937.52
M00516,PL01,STD,PL01,3439.37,1744.17
M00517,PL01,STD,PL01,630.33,4694.86
M00518,PL01,STD,PL01,943.37,3458.78
M00519,PL01,STD,PL01,909.57,1444.86
M00520,PL01,STD,PL01,2959.02,3019.84
M00521,PL01,STD,PL01,456.5,4265.84
M00522,PL01,STD,PL01,4568.95,5029.08
M00523,PL01,STD,PL01,4312.85,2605.18
M00524,PL01,STD,PL01,3148.61,4986.72
M00525,PL01,STD,PL01,3969.28,4368.57
M00526,PL01,STD,PL01,1027.36,1336.46
M00527,PL01,STD,PL01,1281.03,1733.32
M00528,PL01,STD,PL01,863.53,2736.89
M00529,PL01,STD,PL01,149.19,2040.97
M00530,PL01,STD,PL01,1080.8,1603.06
M00531,PL01,STD,PL01,1070.03,3591.65
M00532,PL01,STD,PL01,2541.79,508.46
M00533,PL01,STD,PL01,2723.02,3484.57
M00534,PL01,STD,PL01,2211.09,4172.65
M00535,PL01,STD,PL01,4142.48,4276.1
M00536,PL01,STD,PL01,4936.81,339.91
M00537,PL01,STD,PL01,930.04,4685.93
M00538,PL01,STD,PL01,4573.88,1460.24
M00539,PL01,STD,PL01,935.22,1488.99
M00540,PL01,STD,PL01,963.29,3737.92
M00541,PL01,STD,PL01,3957.98,868.39
M00542,PL01,STD,PL01,3238.19,3130.94
M00543,PL01,STD,PL01,2505.55,4566.93
M00544,PL01,STD,PL01,4330.61,3463.45
M00545,PL01,STD,PL01,1576.73,1996.97
M00546,PL01,STD,PL01,2368.95,4592.22
M00547,PL01,STD,PL01,1742.24,2886.44
M00548,PL01,STD,PL01,2357.99,4612.36
M00549,PL01,STD,PL01,2043.17,2587.31
M00550,PL01,STD,PL01,1731.17,3362.92
M00551,PL01,STD,PL01,2832.55,692.03
M00552,PL01,STD,PL01,4283.82,996.31
M00553,PL01,STD,PL01,2925.22,4750.87
M00554,PL01,STD,PL01,4902.72,210.76
M00555,PL01,STD,PL01,1449.31,504.2
M00556,PL01,STD,PL01,3648.49,2312.53
M00557,PL01,STD,PL01,1383.18,3637.7
M00558,PL01,STD,PL01,2072.53,2436.93
M00559,PL01,STD,PL01,336.16,343.86
M00560,PL01,STD,PL01,672.62,1450.01
M00561,PL01,STD,PL01,4439.74,3597.97
M00562,PL01,STD,PL01,2664.93,3442.61
M00563,PL01,STD,PL01,1738.41,3767.42
M00564,PL01,STD,PL01,2350.61,182.69
M00565,PL01,STD,PL01,2235.9,2300.47
M00566,PL01,STD,PL01,3711.18,3235.13
M00567,PL01,STD,PL01,2302.3,4129.3
M00568,PL01,STD,PL01,563.77,4499.57
M00569,PL01,STD,PL01,337.21,3932.17
M00570,PL01,STD,PL01,3146.47,358.37
M00571,PL01,STD,PL01,2157.96,1627.22
M00572,PL01,STD,PL01,1399.13,873.54
M00573,PL01,STD,PL01,1913.04,728.25
M00574,PL01,STD,PL01,4046.07,1469.75
M00575,PL01,STD,PL01,4669.21,2787.48
M00576,PL01,STD,PL01,1617.13,4264.74
M00577,PL01,STD,PL01,2222.41,1537.04
M00578,PL01,STD,PL01,4428.52,1711.18
M00579,PL01,STD,PL01,2038.52,2100.23
M00580,PL01,STD,PL01,350.79,4093.82
M00581,PL01,STD,PL01,3821.39,1649.18
M00582,PL01,STD,PL01,3686.26,4653.6
M00583,PL01,STD,PL01,2786.28,3034.82
M00584,PL01,STD,PL01,3843.15,884.15
M00585,PL01,STD,PL01,576.56,1185.67
M00586,PL01,STD,PL01,1784.49,5088.66
M00587,PL01,STD,PL01,2123.69,3829.79
M00588,PL01,STD,PL01,3735.56,1458.53
M00589,PL01,STD,PL01,1462.81,4295.75
M00590,PL01,STD,PL01,1118.81,3491.54
M00591,PL01,STD,PL01,2827.92,316.66
M00592,PL01,STD,PL01,1391.33,4377.84
M00593,PL01,STD,PL01,2640.58,2543.97
M00594,PL01,STD,PL01,3242.17,1915.31
M00595,PL01,STD,PL01,2899.62,99.85
M00596,PL01,STD,PL01,1059.47,4204.67
M00597,PL01,STD,PL01,2910.47,3531.04
M00598,PL01,STD,PL01,16.7,1235.41
M00599,PL01,STD,PL01,2123.62,2062.5
M00600,PL01,STD,PL01,2800.5,1370.81
M00601,PL01,STD,PL01,1101.22,2140.61
M00602,PL01,STD,PL01,2646.17,4294.93
M00603,PL01,STD,PL01,1594,168.97
M00604,PL01,STD,PL01,2287.18,3609.14
M00605,PL01,STD,PL01,4063.1,4591.34
M00606,PL01,STD,PL01,3423.79,2990.36
M00607,PL01,STD,PL01,4060.9,4203.56
M00608,PL01,STD,PL01,3048.55,3173.54
M00609,PL01,STD,PL01,4761.23,598.55
M00610,PL01,STD,PL01,1536.23,1567.94
M00611,PL01,STD,PL01,2832.5,2371.44
M00612,PL01,STD,PL01,2521.66,4231.64
M00613,PL01,STD,PL01,3265.81,3922.67
M00614,PL01,STD,PL01,653.25,641.75
M00615,PL01,STD,PL01,1570.54,4931.43
M00616,PL01,STD,PL01,3464.28,2201.8
M00617,PL01,STD,PL01,3299.33,4121.46
M00618,PL01,STD,PL01,4934.28,4867.73
M00619,PL01,STD,PL01,1484.7,607.47
M00620,PL01,STD,PL01,4561.26,4640.95
M00621,PL01,STD,PL01,3845.88,3085.96
M00622,PL01,STD,PL01,1753.81,2657.55
M00623,PL01,STD,PL01,2521.11,2655.14
M00624,PL01,STD,PL01,935.01,500.15
M00625,PL01,STD,PL01,2789.3,3307.95
M00626,PL01,STD,PL01,4641.25,757.47
M00627,PL01,STD,PL01,4091.76,3669.3
M00628,PL01,STD,PL01,3654.65,2014.72
M00629,PL01,STD,PL01,2511.04,4008.34
M00630,PL01,STD,PL01,2140.68,2164.49
M00631,PL01,STD,PL01,2361.21,1426.51
M00632,PL01,STD,PL01,2937.57,1913.21
M00633,PL01,STD,PL01,4075.32,1445.6
M00634,PL01,STD,PL01,2178.84,1563.79
M00635,PL01,STD,PL01,3235.05,151.55
M00636,PL01,STD,PL01,1683.08,2477.02
M00637,PL01,STD,PL01,2286.07,3696
M00638,PL01,STD,PL01,4277.19,556.61
M00639,PL01,STD,PL01,3335.5,1012.12
M00640,PL01,STD,PL01,370.76,948.54
M00641,PL01,STD,PL01,3792.46,1801.37
M00642,PL01,STD,PL01,4196,2133.13
M00643,PL01,STD,PL01,2943.08,950.91
M00644,PL01,STD,PL01,2862.93,3056.64
M00645,PL01,STD,PL01,2172.68,2593.7
M00646,PL01,STD,PL01,3989.52,960.3
M00647,PL01,STD,PL01,4746.14,509.11
M00648,PL01,STD,PL01,3153.13,3482.12
M00649,PL01,STD,PL01,2373.21,2864.91
M00650,PL01,STD,PL01,2729.19,2235.9
M00651,PL01,STD,PL01,3510.67,650.79
M00652,PL01,STD,PL01,686.62,589.48
M00653,PL01,STD,PL01,377.74,409.09
M00654,PL01,STD,PL01,2369.27,1283.77
M00655,PL01,STD,PL01,3543.55,598.51
M00656,PL01,STD,PL01,1122.29,3696
M00657,PL01,STD,PL01,10.02,4046.21
M00658,PL01,STD,PL01,1627.36,2384.81
M00659,PL01,STD,PL01,1179.09,2679.73
M00660,PL01,STD,PL01,3431.19,455.45
M00661,PL01,STD,PL01,223.45,5095.47
M00662,PL01,STD,PL01,3184.66,4054.99
M00663,PL01,STD,PL01,2349.52,142.93
M00664,PL01,STD,PL01,4674.03,2308.67
M00665,PL01,STD,PL01,3430.67,5003.56
M00666,PL01,STD,PL01,4973.76,826.14
M00667,PL01,STD,PL01,1351.14,3225.65
M00668,PL01,STD,PL01,222.99,2690.2
M00669,PL01,STD,PL01,2995.42,3795.41
M00670,PL01,STD,PL01,1943.11,2451.32
M00671,PL01,STD,PL01,887.4,1305.85
M00672,PL01,STD,PL01,4354.85,3189.02
M00673,PL01,STD,PL01,3415.5,4067.07
M00674,PL01,STD,PL01,194.14,3618.59
M00675,PL01,STD,PL01,3345.29,4015.6
M00676,PL01,STD,PL01,2350.83,3840.9
M00677,PL01,STD,PL01,3642.24,4787.59
M00678,PL01,STD,PL01,581.93,2168.96
M00679,PL01,STD,PL01,328.64,4093.72
M00680,PL01,STD,PL01,2545.05,2955.39
M00681,PL01,STD,PL01,3198.38,85.66
M00682,PL01,STD,PL01,2388.2,1078.02
M00683,PL01,STD,PL01,2215.97,664.48
M00684,PL01,STD,PL01,4087.93,488.47
M00685,PL01,STD,PL01,817.94,1507.63
M00686,PL01,STD,PL01,2387.29,68.78
M00687,PL01,STD,PL01,4549.36,1353.14
M00688,PL01,STD,PL01,1119.77,1434.88
M00689,PL01,STD,PL01,3835.3,197.42
M00690,PL01,STD,PL01,3075.65,2559.27
M00691,PL01,STD,PL01,1257.31,2492.7
M00692,PL01,STD,PL01,866.88,3035.67
M00693,PL01,STD,PL01,3486.09,4688.65
M00694,PL01,STD,PL01,4249.75,4324.47
M00695,PL01,STD,PL01,2655.22,2113.64
M00696,PL01,STD,PL01,3170.12,5047.67
M00697,PL01,STD,PL01,197.29,2968.67
M00698,PL01,STD,PL01,4773.66,4647.48
M00699,PL01,STD,PL01,2360.44,103.12
M00700,PL01,STD,PL01,1905.91,870.46
M00701,PL01,STD,PL01,1615.23,1488.23
M00702,PL01,STD,PL01,3305.36,4239.4
M00703,PL01,STD,PL01,2013.83,1968.91
M00704,PL01,STD,PL01,4462.04,4090.8
M00705,PL01,STD,PL01,3151.26,4682.67
M00706,PL01,STD,PL01,3292.82,4374.65
M00707,PL01,STD,PL01,3496.16,2191.59
M00708,PL01,STD,PL01,4513.04,3125.72
M00709,PL01,STD,PL01,2176.21,1975.06
M00710,PL01,STD,PL01,4601.59,5035.09
M00711,PL01,STD,PL01,1663.08,4142.99
M00712,PL01,STD,PL01,278.33,2222.18
M00713,PL01,STD,PL01,727.95,1007.36
M00714,PL01,STD,PL01,2965.47,2127.88
M00715,PL01,STD,PL01,2513.36,5070
M00716,PL01,STD,PL01,1730.55,1218.74
M00717,PL01,STD,PL01,1467.17,2980.43
M00718,PL01,STD,PL01,4626.15,3814.25
M00719,PL01,STD,PL01,1092.77,913.02
M00720,PL01,STD,PL01,629.2,4800.63
M00721,PL01,STD,PL01,3342.5,999.43
M00722,PL01,STD,PL01,3698.03,302.5
M00723,PL01,STD,PL01,4603.56,3509.02
M00724,PL01,STD,PL01,3318.39,3805.26
M00725,PL01,STD,PL01,3421.48,3608.92
M00726,PL01,STD,PL01,345.49,4632.88
M00727,PL01,STD,PL01,551.52,3079.86
M00728,PL01,STD,PL01,2561.53,2124.85
M00729,PL01,STD,PL01,3331.77,3099.89
M00730,PL01,STD,PL01,3988.73,4770.49
M00731,PL01,STD,PL01,4850.03,3163.95
M00732,PL01,STD,PL01,2547.61,2906.89
M00733,PL01,STD,PL01,2033.18,3945.69
M00734,PL01,STD,PL01,4998.95,89.43
M00735,PL01,STD,PL01,3812.96,3252.05
M00736,PL01,STD,PL01,2894.58,1638.21
M00737,PL01,STD,PL01,2087.4,2798.52
M00738,PL01,STD,PL01,3875.86,2454.19
M00739,PL01,STD,PL01,177.1,1517.03
M00740,PL01,STD,PL01,1255.38,2694.39
M00741,PL01,STD,PL01,821.4,1689
M00742,PL01,STD,PL01,4175.81,2268.41
M00743,PL01,STD,PL01,262.36,2948.96
M00744,PL01,STD,PL01,2070.05,447.1
M00745,PL01,STD,PL01,3113.44,1888.73
M00746,PL01,STD,PL01,2748.89,3075.65
M00747,PL01,STD,PL01,3565.36,3501.44
M00748,PL01,STD,PL01,1113.34,3354.28
M00749,PL01,STD,PL01,2848.15,2078.95
M00750,PL01,STD,PL01,754.76,5062.51
M00751,PL01,STD,PL01,3782.84,3474.62
M00752,PL01,STD,PL01,1591.64,1686.33
M00753,PL01,STD,PL01,1711.12,4997.53
M00754,PL01,STD,PL01,181.4,4716.05
M00755,PL01,STD,PL01,2757.05,2275.63
M00756,PL01,STD,PL01,1019.15,1242.58
M00757,PL01,STD,PL01,2815.03,3261.48
M00758,PL01,STD,PL01,3647.14,955.39
M00759,PL01,STD,PL01,4860.71,1902.62
M00760,PL01,STD,PL01,4204.71,2128.51
M00761,PL01,STD,PL01,1766.55,4769.92
M00762,PL01,STD,PL01,788.44,981.55
M00763,PL01,STD,PL01,495.1,2313.61
M00764,PL01,STD,PL01,3497.21,1660.26
M00765,PL01,STD,PL01,1573.46,504.22
M00766,PL01,STD,PL01,2951.85,1206.73
M00767,PL01,STD,PL01,1630.22,4669.26
M00768,PL01,STD,PL01,4281.32,1645.17
M00769,PL01,STD,PL01,426.65,1906.76
M00770,PL01,STD,PL01,4461.6,4463.58
M00771,PL01,STD,PL01,4238.17,3466.72
M00772,PL01,STD,PL01,3283.8,3894.41
M00773,PL01,STD,PL01,4104.56,963.39
M00774,PL01,STD,PL01,2523.55,3954.44
M00775,PL01,STD,PL01,4498.61,3185.17
M00776,PL01,STD,PL01,3260.44,4860.53
M00777,PL01,STD,PL01,3228.53,1825.84
M00778,PL01,STD,PL01,4952.01,3571.22
M00779,PL01,STD,PL01,2631.66,380.38
M00780,PL01,STD,PL01,553.61,4937.43
M00781,PL01,STD,PL01,4412.84,2323.39
M00782,PL01,STD,PL01,4360.79,2894.03
M00783,PL01,STD,PL01,912.46,1008.8
M00784,PL01,STD,PL01,2668.32,5016.54
M00785,PL01,STD,PL01,1024.36,4605.72
M00786,PL01,STD,PL01,1163.35,2835.48
M00787,PL01,STD,PL01,3698.84,3282.75
M00788,PL01,STD,PL01,126.46,4301.78
M00789,PL01,STD,PL01,1083.37,4338.2
M00790,PL01,STD,PL01,486.96,1802.14
M00791,PL01,STD,PL01,2017.11,1238.02
M00792,PL01,STD,PL01,2260.6,3285.29
M00793,PL01,STD,PL01,1918.2,2894.9
M00794,PL01,STD,PL01,2215.55,865.96
M00795,PL01,STD,PL01,4215.67,3822.56
M00796,PL01,STD,PL01,1011.9,3121.44
M00797,PL01,STD,PL01,3969.34,4901.84
M00798,PL01,STD,PL01,1832.26,2094.51
M00799,PL01,STD,PL01,3789.82,1177.91
M00800,PL01,STD,PL01,1629.24,2848.88
M00801,PL01,STD,PL01,438.21,1285.53
M00802,PL01,STD,PL01,372.74,1820.23
M00803,PL01,STD,PL01,3465.99,2401.98
M00804,PL01,STD,PL01,2381.36,1599.44
M00805,PL01,STD,PL01,1315.01,4588.86
M00806,PL01,STD,PL01,2855.25,160.49
M00807,PL01,STD,PL01,1644.12,1068.86
M00808,PL01,STD,PL01,2488.41,2765.19
M00809,PL01,STD,PL01,1732.92,3508.1
M00810,PL01,STD,PL01,4276.71,3306.52
M00811,PL01,STD,PL01,146.25,3104.74
M00812,PL01,STD,PL01,3270.57,2672.45
M00813,PL01,STD,PL01,3467.73,906.83
M00814,PL01,STD,PL01,1712.43,3644.93
M00815,PL01,STD,PL01,32.03,4705.47
M00816,PL01,STD,PL01,3887.29,729.38
M00817,PL01,STD,PL01,4784.15,5027.83
M00818,PL01,STD,PL01,579.08,4897.27
M00819,PL01,STD,PL01,2881.52,2755.27
M00820,PL01,STD,PL01,3362.25,4102.17
M00821,PL01,STD,PL01,4889.86,298.21
M00822,PL01,STD,PL01,4726.01,807.18
M00823,PL01,STD,PL01,1571.35,2353.79
M00824,PL01,STD,PL01,2732.17,3012.05
M00825,PL01,STD,PL01,1138.68,939.96
M00826,PL01,STD,PL01,2773.08,1781.89
M00827,PL01,STD,PL01,3570.82,2274.68
M00828,PL01,STD,PL01,3048.89,4359.17
M00829,PL01,STD,PL01,1128.54,945.38
M00830,PL01,STD,PL01,1455.87,2562.31
M00831,PL01,STD,PL01,1474.33,4275.63
M00832,PL01,STD,PL01,1599.17,3240.9
M00833,PL01,STD,PL01,4928.81,2617.26
M00834,PL01,STD,PL01,4152.88,3310.39
M00835,PL01,STD,PL01,2475.64,1992.2
M00836,PL01,STD,PL01,4795.54,3592.89
M00837,PL01,STD,PL01,1577.36,1658.93
M00838,PL01,STD,PL01,2535.66,1448.85
M00839,PL01,STD,PL01,1507.66,2249.93
M00840,PL01,STD,PL01,1416.83,1238.07
M00841,PL01,STD,PL01,4522.7,3166.81
M00842,PL01,STD,PL01,1428.5,720.51
M00843,PL01,STD,PL01,1846.16,2296.05
M00844,PL01,STD,PL01,4068.18,2490.2
M00845,PL01,STD,PL01,75.88,4857.89
M00846,PL01,STD,PL01,3119.28,3098.15
M00847,PL01,STD,PL01,922.48,2723.98
M00848,PL01,STD,PL01,1488.36,4380.82
M00849,PL01,STD,PL01,173.2,715.54
M00850,PL01,STD,PL01,4398.8,1177.84
M00851,PL01,STD,PL01,1423.52,214.1
M00852,PL01,STD,PL01,2236.83,3788.86
M00853,PL01,STD,PL01,4318.26,782.64
M00854,PL01,STD,PL01,37.38,102.59
M00855,PL01,STD,PL01,1268.04,3032.16
M00856,PL01,STD,PL01,1456.4,3461.2
M00857,PL01,STD,PL01,2436.4,685.87
M00858,PL01,STD,PL01,4639.74,500.89
M00859,PL01,STD,PL01,4821.57,4784.85
M00860,PL01,STD,PL01,3203.39,341.53
M00861,PL01,STD,PL01,2578.29,2421.8
M00862,PL01,STD,PL01,4350,2142.15
M00863,PL01,STD,PL01,2971.86,2717.06
M00864,PL01,STD,PL01,488.25,4318.72
M00865,PL01,STD,PL01,342.35,2270.03
M00866,PL01,STD,PL01,482.97,74.2
M00867,PL01,STD,PL01,3315.23,3035.69
M00868,PL01,STD,PL01,384.51,4298.91
M00869,PL01,STD,PL01,402.91,4434.88
M00870,PL01,STD,PL01,4798.01,4305.34
M00871,PL01,STD,PL01,2559.5,2986.46
M00872,PL01,STD,PL01,1058.52,4079.39
M00873,PL01,STD,PL01,4856.42,975.81
M00874,PL01,STD,PL01,2238.9,3401.33
M00875,PL01,STD,PL01,4980.03,1883.78
M00876,PL01,STD,PL01,4568.09,1091.13
M00877,PL01,STD,PL01,4961.14,3275.18
M00878,PL01,STD,PL01,2771.77,3098.33
M00879,PL01,STD,PL01,234.2,202.3
M00880,PL01,STD,PL01,4132.28,2838.74
M00881,PL01,STD,PL01,3739.68,1762.96
M00882,PL01,STD,PL01,3683.21,4627.96
M00883,PL01,STD,PL01,1081.29,974.5
M00884,PL01,STD,PL01,2572.52,1880.33
M00885,PL01,STD,PL01,2759.32,475.35
M00886,PL01,STD,PL01,2713.52,1781.64
M00887,PL01,STD,PL01,601.86,2352.77
M00888,PL01,STD,PL01,412.21,2470.61
M00889,PL01,STD,PL01,3100.93,3898.89
M00890,PL01,STD,PL01,384.53,2488.94
M00891,PL01,STD,PL01,4048.28,2513.28
M00892,PL01,STD,PL01,853,884.43
M00893,PL01,STD,PL01,2583.25,2965.06
M00894,PL01,STD,PL01,2895.55,209.92
M00895,PL01,STD,PL01,1280.19,1080.52
M00896,PL01,STD,PL01,4331.35,3141.23
M00897,PL01,STD,PL01,2219.89,889.27
M00898,PL01,STD,PL01,4224.41,4852.94
M00899,PL01,STD,PL01,3139.63,4561.77
M00900,PL01,STD,PL01,153.63,3325.23
M00901,PL01,STD,PL01,4233.36,3939.81
M00902,PL01,STD,PL01,3286.77,3427.51
M00903,PL01,STD,PL01,4198.97,4007.72
M00904,PL01,STD,PL01,824.7,471.25
M00905,PL01,STD,PL01,4928.26,2541.22
M00906,PL01,STD,PL01,4961.36,3914.87
M00907,PL01,STD,PL01,4298.97,1508.39
M00908,PL01,STD,PL01,2554.11,991.22
M00909,PL01,STD,PL01,4557.81,4654.4
M00910,PL01,STD,PL01,1934.95,342.01
M00911,PL01,STD,PL01,4690.03,2627.72
M00912,PL01,STD,PL01,942.65,3040.42
M00913,PL01,STD,PL01,2431.64,4943.92
M00914,PL01,STD,PL01,2354.16,278.01
M00915,PL01,STD,PL01,281.56,607.22
M00916,PL01,STD,PL01,2648.52,1647.23
M00917,PL01,STD,PL01,2461.87,2003.33
M00918,PL01,STD,PL01,3504.37,2534.61
M00919,PL01,STD,PL01,3480.05,4209.42
M00920,PL01,STD,PL01,4888.34,5026.87
M00921,PL01,STD,PL01,1409.07,2007.04
M00922,PL01,STD,PL01,1360.43,4545.21
M00923,PL01,STD,PL01,2562.46,3640.77
M00924,PL01,STD,PL01,524.46,4100.21
M00925,PL01,STD,PL01,776.41,571.18
M00926,PL01,STD,PL01,1524.86,1519.2
M00927,PL01,STD,PL01,2446.28,1536.97
M00928,PL01,STD,PL01,4280.97,393.82
M00929,PL01,STD,PL01,3358.97,4774.51
M00930,PL01,STD,PL01,299.23,3343.63
M00931,PL01,STD,PL01,13.22,2918.71
M00932,PL01,STD,PL01,2891.97,4177.57
M00933,PL01,STD,PL01,1638.29,1064.1
M00934,PL01,STD,PL01,1053.08,938.05
M00935,PL01,STD,PL01,1578.62,4546.74
M00936,PL01,STD,PL01,254.3,2153.02
M00937,PL01,STD,PL01,3232.35,2123.91
M00938,PL01,STD,PL01,1666.8,4846.11
M00939,PL01,STD,PL01,3806.04,3821.79
M00940,PL01,STD,PL01,599.12,1591.46
M00941,PL01,STD,PL01,2684.21,3875.29
M00942,PL01,STD,PL01,3586.31,4584.12
M00943,PL01,STD,PL01,3671.32,1102.4
M00944,PL01,STD,PL01,4309.41,3000.2
M00945,PL01,STD,PL01,900.99,3217.1
M00946,PL01,STD,PL01,1842.2,2224.81
M00947,PL01,STD,PL01,1392.08,4824.3
M00948,PL01,STD,PL01,1651.18,736.45
M00949,PL01,STD,PL01,2992.3,421.85
M00950,PL01,STD,PL01,4262.1,142.51
M00951,PL01,STD,PL01,4382.06,1303.54
M00952,PL01,STD,PL01,2288.58,3253.68
M00953,PL01,STD,PL01,2769.95,4171.77
M00954,PL01,STD,PL01,3258.22,2939.9
M00955,PL01,STD,PL01,216.5,2851.47
M00956,PL01,STD,PL01,3335.59,483.22
M00957,PL01,STD,PL01,74.44,3989.09
M00958,PL01,STD,PL01,2593.51,1366.02
M00959,PL01,STD,PL01,2500.74,4583.5
M00960,PL01,STD,PL01,1216.92,1208.55
M00961,PL01,STD,PL01,4267.16,2294.29
M00962,PL01,STD,PL01,635.64,3445.09
M00963,PL01,STD,PL01,1932.35,3750.56
M00964,PL01,STD,PL01,4438.47,3632.75
M00965,PL01,STD,PL01,2158.74,881.03
M00966,PL01,STD,PL01,796.93,1600.94
M00967,PL01,STD,PL01,828.04,2287.61
M00968,PL01,STD,PL01,208.6,1126.42
M00969,PL01,STD,PL01,3309.9,2008.56
M00970,PL01,STD,PL01,4021.14,531.89
M00971,PL01,STD,PL01,1775.73,1720.38
M00972,PL01,STD,PL01,174.93,4805.8
M00973,PL01,STD,PL01,2513.66,2572.38
M00974,PL01,STD,PL01,2408.52,4495.1
M00975,PL01,STD,PL01,600.9,1038.21
M00976,PL01,STD,PL01,1568.34,1635.27
M00977,PL01,STD,PL01,1203.19,2555.35
M00978,PL01,STD,PL01,885.85,762.23
M00979,PL01,STD,PL01,1541.56,2580.62
M00980,PL01,STD,PL01,4208.5,2432.53
M00981,PL01,STD,PL01,2898.92,1534.44
M00982,PL01,STD,PL01,3545.4,5061.13
M00983,PL01,STD,PL01,2764.1,713.71
M00984,PL01,STD,PL01,928.94,4179.93
M00985,PL01,STD,PL01,817.15,53.9
M00986,PL01,STD,PL01,2499.82,3917.82
M00987,PL01,STD,PL01,3694.79,2872.87
M00988,PL01,STD,PL01,4550.56,2700.28
M00989,PL01,STD,PL01,49.39,2344.17
M00990,PL01,STD,PL01,2047.24,3535.64
M00991,PL01,STD,PL01,1269.48,3302.34
M00992,PL01,STD,PL01,1831.39,1377.26
M00993,PL01,STD,PL01,2875.55,1858.39
M00994,PL01,STD,PL01,4206.64,1952.63
M00995,PL01,STD,PL01,3945.74,4358.35
M00996,PL01,STD,PL01,4526.57,3564.32
M00997,PL01,STD,PL01,4314.54,4047.63
M00998,PL01,STD,PL01,1435.22,3117.96
M00999,PL01,STD,PL01,2990.53,4611.75
M01000,PL01,STD,PL01,4996.15,1862.62
